"min_x[pos_x,pos_y,re_stag,cp_inv]","max_x[pos_x,pos_y,re_stag,cp_inv]",min_y[cp],max_y[cp]
"[-0.007265057880431414, -0.25592297315597534, 0.0, -35.70315170288086]","[0.9990224242210388, 0.17216627299785614, 5955521.5, 1.0]",[-22.486452102661133],[0.8461135029792786]
