"min_x[pos_x,pos_y,re]","max_x[pos_x,pos_y,re]",min_y[cp],max_y[cp]
"[-0.007265057880431414, -0.2573745548725128, 2005320.5]","[0.9990224242210388, 0.17216627299785614, 5999487.0]",[-22.486452102661133],[0.8460790514945984]
